instance_id,reason
8,node mismatch: declared=6 referenced=4
93,node mismatch: declared=8 referenced=0
122,node mismatch: declared=3 referenced=2
175,node mismatch: declared=7 referenced=2
180,node mismatch: declared=6 referenced=0
222,node mismatch: declared=11 referenced=0
238,node mismatch: declared=15 referenced=0
335,node mismatch: declared=6 referenced=4
410,node mismatch: declared=5 referenced=0
421,node mismatch: declared=10 referenced=0
584,node mismatch: declared=5 referenced=2
610,node mismatch: declared=8 referenced=0
660,node mismatch: declared=8 referenced=0
737,node mismatch: declared=5 referenced=0
738,node mismatch: declared=6 referenced=5
907,node mismatch: declared=6 referenced=0
980,node mismatch: declared=10 referenced=5
1003,node mismatch: declared=9 referenced=5
1051,node mismatch: declared=10 referenced=2
1110,node mismatch: declared=6 referenced=2
1238,node mismatch: declared=7 referenced=0
1287,node mismatch: declared=8 referenced=0
1288,node mismatch: declared=10 referenced=0
1368,node mismatch: declared=5 referenced=0
1370,node mismatch: declared=7 referenced=0
1440,IndexError: list index out of range
1577,node mismatch: declared=6 referenced=0
1645,node mismatch: declared=7 referenced=4
1726,IndexError: list index out of range
1863,node mismatch: declared=10 referenced=0
1874,node mismatch: declared=11 referenced=0
2001,node mismatch: declared=14 referenced=0
2002,node mismatch: declared=6 referenced=4
2041,node mismatch: declared=6 referenced=0
2125,node mismatch: declared=8 referenced=0
2177,node mismatch: declared=7 referenced=0
2296,node mismatch: declared=12 referenced=0
2427,node mismatch: declared=7 referenced=0
2442,node mismatch: declared=15 referenced=0
2444,node mismatch: declared=6 referenced=2
2472,node mismatch: declared=7 referenced=0
2480,node mismatch: declared=6 referenced=7
2547,node mismatch: declared=11 referenced=0
2562,node mismatch: declared=9 referenced=2
2564,node mismatch: declared=5 referenced=6
2649,node mismatch: declared=6 referenced=4
2801,node mismatch: declared=14 referenced=0
2819,node mismatch: declared=10 referenced=0
3109,node mismatch: declared=13 referenced=0
3313,node mismatch: declared=9 referenced=0
3318,node mismatch: declared=9 referenced=0
3350,node mismatch: declared=8 referenced=0
3405,node mismatch: declared=5 referenced=0
3410,node mismatch: declared=10 referenced=0
3420,node mismatch: declared=5 referenced=6
3510,node mismatch: declared=5 referenced=0
3521,node mismatch: declared=6 referenced=0
3634,node mismatch: declared=11 referenced=0
3694,node mismatch: declared=8 referenced=4
3880,node mismatch: declared=4 referenced=0
4026,node mismatch: declared=8 referenced=5
4085,node mismatch: declared=5 referenced=0
4100,IndexError: list index out of range
4186,node mismatch: declared=3 referenced=2
4200,node mismatch: declared=7 referenced=0
4322,node mismatch: declared=5 referenced=0
4327,node mismatch: declared=13 referenced=0
4378,node mismatch: declared=9 referenced=0
4416,node mismatch: declared=10 referenced=5
4530,node mismatch: declared=7 referenced=0
4626,node mismatch: declared=6 referenced=0
4631,node mismatch: declared=6 referenced=0
4677,node mismatch: declared=6 referenced=0
4761,node mismatch: declared=8 referenced=0
4780,node mismatch: declared=7 referenced=0
4912,node mismatch: declared=6 referenced=4
4928,node mismatch: declared=7 referenced=2
4971,node mismatch: declared=4 referenced=2
5011,node mismatch: declared=9 referenced=0
5158,node mismatch: declared=6 referenced=0
5169,node mismatch: declared=12 referenced=2
5222,node mismatch: declared=14 referenced=0
5510,node mismatch: declared=5 referenced=2
5528,node mismatch: declared=5 referenced=0
5567,node mismatch: declared=10 referenced=0
5655,node mismatch: declared=8 referenced=0
5732,node mismatch: declared=10 referenced=0
5922,node mismatch: declared=3 referenced=4
5965,node mismatch: declared=7 referenced=0
6031,node mismatch: declared=6 referenced=4
6086,node mismatch: declared=9 referenced=0
6138,node mismatch: declared=9 referenced=0
6308,node mismatch: declared=7 referenced=0
6310,node mismatch: declared=4 referenced=5
6396,node mismatch: declared=9 referenced=0
6415,node mismatch: declared=3 referenced=2
6548,node mismatch: declared=3 referenced=2
6756,node mismatch: declared=9 referenced=0
6785,node mismatch: declared=5 referenced=0
6846,node mismatch: declared=10 referenced=0
6872,node mismatch: declared=7 referenced=0
6880,node mismatch: declared=9 referenced=0
6930,node mismatch: declared=5 referenced=2
6938,node mismatch: declared=9 referenced=5
6982,node mismatch: declared=10 referenced=0
7075,node mismatch: declared=5 referenced=0
7080,node mismatch: declared=6 referenced=0
7101,node mismatch: declared=5 referenced=0
7188,node mismatch: declared=8 referenced=4
7204,node mismatch: declared=8 referenced=5
7236,node mismatch: declared=9 referenced=5
7242,node mismatch: declared=8 referenced=4
7290,node mismatch: declared=7 referenced=0
7647,node mismatch: declared=8 referenced=0
7686,node mismatch: declared=4 referenced=0
7690,node mismatch: declared=13 referenced=0
7883,node mismatch: declared=7 referenced=0
7914,node mismatch: declared=3 referenced=2
7932,node mismatch: declared=6 referenced=0
8088,node mismatch: declared=10 referenced=5
8175,node mismatch: declared=6 referenced=7
8216,node mismatch: declared=3 referenced=0
8222,node mismatch: declared=16 referenced=0
8321,node mismatch: declared=7 referenced=0
8329,node mismatch: declared=8 referenced=0
8339,IndexError: list index out of range
8353,node mismatch: declared=5 referenced=0
8433,node mismatch: declared=11 referenced=0
8451,node mismatch: declared=9 referenced=0
8466,node mismatch: declared=10 referenced=0
8564,node mismatch: declared=6 referenced=2
8572,node mismatch: declared=7 referenced=0
8584,node mismatch: declared=12 referenced=0
8616,node mismatch: declared=9 referenced=0
8750,node mismatch: declared=7 referenced=0
8788,node mismatch: declared=5 referenced=0
8831,node mismatch: declared=3 referenced=2
8949,node mismatch: declared=6 referenced=4
8958,node mismatch: declared=5 referenced=0
8963,node mismatch: declared=6 referenced=0
9165,node mismatch: declared=10 referenced=0
9409,node mismatch: declared=10 referenced=0
9418,node mismatch: declared=5 referenced=0
9431,node mismatch: declared=12 referenced=0
9497,node mismatch: declared=6 referenced=0
9656,node mismatch: declared=4 referenced=0
9659,node mismatch: declared=8 referenced=0
9677,node mismatch: declared=9 referenced=5
9794,node mismatch: declared=3 referenced=2
9851,node mismatch: declared=17 referenced=0
9903,node mismatch: declared=7 referenced=2
9991,node mismatch: declared=8 referenced=0
10006,node mismatch: declared=10 referenced=0
10144,node mismatch: declared=9 referenced=0
10235,node mismatch: declared=12 referenced=0
10443,IndexError: list index out of range
10499,node mismatch: declared=8 referenced=0
10585,node mismatch: declared=12 referenced=0
10624,node mismatch: declared=9 referenced=0
10737,node mismatch: declared=6 referenced=0
10798,node mismatch: declared=5 referenced=0
10866,node mismatch: declared=6 referenced=0
10950,node mismatch: declared=7 referenced=0
11024,node mismatch: declared=13 referenced=7
11053,node mismatch: declared=3 referenced=2
11128,node mismatch: declared=6 referenced=0
11133,node mismatch: declared=8 referenced=0
11218,node mismatch: declared=9 referenced=0
11231,node mismatch: declared=8 referenced=0
11235,node mismatch: declared=8 referenced=0
11252,node mismatch: declared=10 referenced=0
11278,node mismatch: declared=12 referenced=0
11386,node mismatch: declared=10 referenced=5
11448,node mismatch: declared=8 referenced=0
11504,node mismatch: declared=6 referenced=0
11557,node mismatch: declared=8 referenced=4
11633,node mismatch: declared=11 referenced=0
11749,node mismatch: declared=5 referenced=3
11787,node mismatch: declared=12 referenced=0
11824,node mismatch: declared=10 referenced=2
11870,node mismatch: declared=6 referenced=0
11883,node mismatch: declared=3 referenced=2
11939,node mismatch: declared=14 referenced=0
11988,node mismatch: declared=10 referenced=0
12006,node mismatch: declared=6 referenced=0
12095,node mismatch: declared=7 referenced=0
12119,node mismatch: declared=7 referenced=0
12123,node mismatch: declared=12 referenced=6
12178,node mismatch: declared=9 referenced=0
12220,node mismatch: declared=10 referenced=0
12233,node mismatch: declared=7 referenced=0
12293,node mismatch: declared=4 referenced=0
12337,node mismatch: declared=6 referenced=4
12374,node mismatch: declared=10 referenced=0
12404,node mismatch: declared=9 referenced=0
12432,node mismatch: declared=12 referenced=0
12484,node mismatch: declared=6 referenced=0
12565,node mismatch: declared=7 referenced=0
12570,node mismatch: declared=7 referenced=0
12644,node mismatch: declared=12 referenced=0
12648,node mismatch: declared=10 referenced=0
12663,node mismatch: declared=10 referenced=0
12691,node mismatch: declared=5 referenced=2
12695,node mismatch: declared=8 referenced=0
12722,IndexError: list index out of range
12737,node mismatch: declared=7 referenced=0
12812,node mismatch: declared=9 referenced=0
12822,node mismatch: declared=7 referenced=2
12835,node mismatch: declared=15 referenced=0
12862,node mismatch: declared=5 referenced=3
12875,node mismatch: declared=5 referenced=0
12920,node mismatch: declared=7 referenced=0
13074,node mismatch: declared=3 referenced=4
13083,node mismatch: declared=6 referenced=0
13178,node mismatch: declared=8 referenced=0
13236,node mismatch: declared=10 referenced=6
13381,node mismatch: declared=8 referenced=5
13415,node mismatch: declared=9 referenced=0
13502,node mismatch: declared=10 referenced=0
13512,node mismatch: declared=10 referenced=5
13513,node mismatch: declared=6 referenced=0
13518,node mismatch: declared=7 referenced=0
13531,node mismatch: declared=10 referenced=0
13543,node mismatch: declared=6 referenced=0
13578,node mismatch: declared=6 referenced=0
13673,node mismatch: declared=9 referenced=0
13738,node mismatch: declared=10 referenced=0
13747,node mismatch: declared=6 referenced=0
13752,node mismatch: declared=2 referenced=3
13823,node mismatch: declared=6 referenced=0
13940,IndexError: list index out of range
13948,node mismatch: declared=8 referenced=0
14059,node mismatch: declared=5 referenced=0
14134,node mismatch: declared=11 referenced=0
14145,node mismatch: declared=13 referenced=0
14323,node mismatch: declared=7 referenced=5
14328,node mismatch: declared=9 referenced=0
14331,node mismatch: declared=10 referenced=0
14390,node mismatch: declared=4 referenced=5
14433,node mismatch: declared=7 referenced=0
14450,node mismatch: declared=11 referenced=2
14580,node mismatch: declared=10 referenced=6
14588,node mismatch: declared=12 referenced=0
14686,node mismatch: declared=9 referenced=0
14704,node mismatch: declared=7 referenced=0
14784,node mismatch: declared=12 referenced=0
14860,node mismatch: declared=7 referenced=0
14874,node mismatch: declared=6 referenced=0
14962,node mismatch: declared=17 referenced=0
14996,node mismatch: declared=10 referenced=0
15132,node mismatch: declared=17 referenced=0
15174,node mismatch: declared=5 referenced=0
15193,node mismatch: declared=5 referenced=4
15293,node mismatch: declared=8 referenced=5
15407,node mismatch: declared=4 referenced=0
15519,node mismatch: declared=16 referenced=0
15754,node mismatch: declared=6 referenced=0
15761,node mismatch: declared=6 referenced=0
15817,node mismatch: declared=10 referenced=0
15832,node mismatch: declared=6 referenced=0
